INSERT INTO dbo.sgm_sec_usuario (id,dni,user_name,displayName,estado,password,created,modified,externalguid,fecha_cambio_clave) VALUES
	 (724,27167185,N'mvillegas',N'Martin Villegas',1,N'orDBDNK0lM51OdhK6BccknRudbM=',NULL,NULL,N'B7EE521B-94E4-4C5B-8A8D-818CA6BD8DF0','2019-12-13 16:43:41.0');

INSERT INTO dbo.sgm_sec_permiso (id,name,description) VALUES
	 (29,N'NIVEL_3_MENU_LATERAL',N'Permite ver el menu lateral con opciones nivel 3'),
	 (30,N'NIVEL_3_LIST_NOTIFICACIONES',N'Permite ver el listado de notificaciones'),
	 (31,N'NIVEL_3_LIST_FAQ',N'Ver listado de Preguntas Frecuentes'),
	 (32,N'NIVEL_3_CREATE_FAQ',N'Crear una nueva Preguntas Frecuentes'),
	 (33,N'NIVEL_3_EDIT_FAQ',N'Editar una Preguntas Frecuentes'),
	 (34,N'NIVEL_3_DELETE_FAQ',N'Eliminar una Preguntas Frecuentes'),
	 (35,N'NIVEL_3_LIST_NOTICIA',N'Ver listado de Noticias'),
	 (36,N'NIVEL_3_CREATE_NOTICIA',N'Crear una nueva Noticias'),
	 (37,N'NIVEL_3_EDIT_NOTICIA',N'Editar una Noticia'),
	 (38,N'NIVEL_3_DELETE_NOTICIA',N'Eliminar una Noticia'),
	 (39,N'NIVEL_3_LIST_CIUDADANO',N'Ver listado de Ciudadanos'),
	 (40,N'NIVEL_3_VIEW_CIUDADANO',N'Ver detalles de un Ciudadano'),
	 (41,N'NIVEL_3_CREATE_CIUDADANO',N'Crear un nuevo Ciudadano'),
	 (42,N'NIVEL_3_EDIT_CIUDADANO',N'Editar un Ciudadano'),
	 (43,N'NIVEL_3_DELETE_CIUDADANO',N'Eliminar un Ciudadano'),
	 (44,N'NIVEL_3_CAMBIAR_CLAVE_CIUDADANO',N'Cambiar la clave de un Ciudadano'),
	 (45,N'NIVEL_3_ACTIVAR_CIUDADANO',N'Activar un Ciudadano'),
	 (46,N'NIVEL_3_MENU_MENSAJES',N'Ver Menu de Mensajes'),
	 (47,N'NIVEL_3_MENSAJES_GENERAR_LOTE',N'Generar nuevo lote de mensajes'),
	 (48,N'NIVEL_3_MENSAJES_REGENERAR_LOTE',N'Generar nuevo lote de mensajes con los mensajes fallidos'),
	 (49,N'NIVEL_3_MENSAJES_HISTORIAL_LOTES',N'Ver historial de lotes de mensajes'),
	 (50,N'NIVEL_3_MENSAJES_HISTORIAL_MENSAJES',N'Ver historial de mensajes individuales'),
	 (51,N'NIVEL_3_LIST_PAGO_LOTE',N'Permite ver el listado de Lotes de Pago'),
	 (52,N'NIVEL_3_LIST_PAGO_LOTE_GENERAR',N'Permite generar un nuevo Lote de Pagos'),
	 (53,N'NIVEL_3_MENU_CIUDADANOS',N'Permite ver el menu de administracion de ciudadanos'),
	 (54,N'NIVEL_3_ACEPTAR_SOLICITUD_CUENTA_CIUDADANO',N'Permite aceptar o rechazar las solicitudes de cuenta Ciudadano'),
	 (55,N'NIVEL_3_OPERAR_POR_CIUDADANO',N'Permite operar en nombre de un Ciudadano'),
	 (56,N'NIVEL_3_LIST_LS_ACEPTAR',N'Permite ver el listado de LS a Aceptar, 1er paso'),
	 (57,N'NIVEL_3_LIST_LS_FIRMAR',N'Permite ver el listado de LS a Firmar'),
	 (58,N'NIVEL_3_LIST_LS_PAGO',N'Permite ver el listado de LS pendientes por Pagar'),
	 (62,N'NIVEL_3_LOGIN_EXTERNO',N'Permite login en la api de notificaciones externas'),
	 (63,N'NIVEL_3_EXPEDIENTE_EXTERNO_NOTIFICADOR',N'Permite notificar firmas de expedientes en la api de notificaciones externas'),
	 (64,N'NIVEL_3_MENU_LIBRETA_SANITARIA',N'Permite ver el menu de las libretas sanitarias'),
	 (65,N'NIVEL_3_MENU_TRIBUTOS',N'Permite ver el menu de cuestiones tributarias'),
	 (66,N'NIVEL_3_VERIFICAR_ESTADO_BOLETA',N'Permite consultar el estado de boletas'),
	 (67,N'NIVEL_3_MIS_DOCUMENTOS',N'Permite el aparatdo de Mis Documentos'),
	 (68,N'NIVEL_3_MENU_TURNOS',N'Permite ver el menu de turnos'),
	 (69,N'NIVEL_3_ADMIN_OFICINAS',N'Permite administrar las oficinas para turnos'),
	 (70,N'NIVEL_3_LIST_TURNOS_HISTORIAL',N'Permite ver el listado de turnos tomados o cancelados'),
	 (71,N'NIVEL_3_ALTA_TURNO',N'Permite administrar las oficinas para turnos'),
	 (72,N'NIVEL_3_TURNO_ADMIN_HISTORIAL',N'Permite ver, en el historial, los turnos de todos'),
	 (73,N'NIVEL_3_CANCELAR_TURNO',N'Permite cancelar turnos por lotes'),
	 (74,N'NIVEL_3_LIST_LS_HISTORIAL',N'Permite ver el historial de LS hasta el momento'),
	 (75,N'NIVEL_3_MENU_ADMINISTRACION_GENERAL',N'Permite ver el menu de administracion general'),
	 (76,N'NIVEL_3_ADMIN_BARRIO',N'Permite administrar los barrios'),
	 (77,N'NIVEL_3_LS_SUSPENDEDOR',N'Permite suspender/habilitar una LS'),
	 (80,N'NIVEL_3_RETIRO_BASURA_MENU',N'Permite ver el menu de retiros de basura'),
	 (81,N'NIVEL_3_RETIRO_BASURA_HISTORIAL_SOLICITUDES',N'Permite ver el historial de solicitudes de retiros de basura'),
	 (82,N'NIVEL_3_RETIRO_BASURA_ACPETAR_SOLICITUD',N'Permite aceptar una solicitud de retiro de basura'),
	 (83,N'NIVEL_3_RETIRO_BASURA_EXENTAR_PAGO',N'Permite exentar el pago de una solicitud de retiro de basura'),
	 (84,N'NIVEL_3_RETIRO_BASURA_MENU_ORDEN',N'Permite ver el moudlo de generar ordenes de trabajo'),
	 (85,N'NIVEL_3_RETIRO_BASURA_GENERAR_ORDEN',N'Permite generar una orden con varias solicitudes de retiro de basura'),
	 (86,N'NIVEL_3_RETIRO_BASURA_HISTORIAL_ORDEN',N'Permite ver el historial de ordenes de retiro de basura'),
	 (87,N'NIVEL_3_ADMIN_ORGANISMOS',N'Permite administrar los Organismos'),
	 (88,N'NIVEL_3_MENU_NOTIFICACION_CIUDADANA',N'Permite ver el menu de notificaciones ciudadanas'),
	 (89,N'NIVEL_3_CREAR_NOTIFICACION_CIUDADANA',N'Permite crear notificaciones ciudadanas'),
	 (90,N'NIVEL_3_HISTORIAL_SIMPLE_NOTIFICACION_CIUDADANA',N'Permite ver el historial simple de notificaciones ciudadanas'),
	 (91,N'NIVEL_3_CANCELAR_SIMPLE_NOTIFICACION_CIUDADANA',N'Permite cancelar de a una notificacion ciudadana en el historial'),
	 (92,N'NIVEL_3_HISTORIAL_LOTE_NOTIFICACION_CIUDADANA',N'Permite ver el historial por lotes de notificaciones ciudadanas'),
	 (93,N'NIVEL_3_CANCELAR_LOTE_NOTIFICACION_CIUDADANA',N'Permite cancelar lotes notificaciones ciudadanas en el historial'),
	 (94,N'NIVEL_3_RETIRO_BASURA_FINALIZADOR_ORDEN',N'Permite finalizar el ciclo de vida de las ordenes de retiro de basura'),
	 (95,N'NIVEL_3_JUZGADO_FALTAS_MENU',N'Permite ver el menu de juzgado de faltas'),
	 (96,N'NIVEL_3_JUZGADO_FALTAS_SOLICITUDES_LIBRE_DEUDA',N'Permite ver el historial de solicitudes (Pendientes pago o aprobación) de libre deuda del juzgado de faltas'),
	 (97,N'NIVEL_3_JUZGADO_FALTAS_RESOLVER_SOLICITUD_LIBRE_DEUDA',N'Permite aceptar/rechazar una solicitud de libre deuda del juzgado de faltas'),
	 (98,N'NIVEL_3_JUZGADO_FALTAS_HISTORIAL_LIBRE_DEUDA',N'Permite ver el historial de solicitudes (Aceptadas o Rechazadas) de libre deuda del juzgado de faltas'),
	 (99,N'NIVEL_3_JUZGADO_FALTAS_EXENTAR_PAGO_SOLICITUD_LIBRE_DEUDA',N'Permite exentar el pago de una solicitud de libre deuda del juzgado de faltas'),
	 (100,N'NIVEL_3_JUZGADO_FALTAS_TOMAR_LIBRE_DEUDA',N'Permite tomar un libre deuda del juzgado de faltas'),
	 (101,N'NIVEL_3_LS_RENOVACION_DOCUMENTACION',N'Permite aceptar/rechazar las solicitudes de renovacion de documentacion una LS'),
	 (103,N'NIVEL_3_JUZGADO_FALTAS_HISTORIAL_CONTROL',N'Permite ver el historial de solicitudes (a controlar) de libre deuda del juzgado de faltas y aceptarlas'),
	 (104,N'NIVEL_3_JUZGADO_FALTAS_HISTORIAL_MULTAS_LD',N'Permite ver el historial de multas (pagas y por pagar) de libre deuda del juzgado de faltas'),
	 (105,N'NIVEL_3_JUZGADO_FALTAS_REVIVIR_RACHAZADA',N'Permite revivir (cambiar el estado de RECHAZADA a PENDIENTE APROBACION) un libre deuda del juzgado de faltas'),
	 (106,N'NIVEL_3_JUZGADO_FALTAS_MULTADA_A_CONTROL',N'Permite cambiar el estado de PENDIENTE PAGO MULTA a PENDIENTE CONTROL) un libre deuda del juzgado de faltas'),
	 (107,N'NIVEL_3_JUZGADO_FALTAS_CONSULTA_GENERAL',N'Permite ver el apartado de consultas generales de libre deuda del juzgado de faltas'),
	 (108,N'NIVEL_3_RENTAS_MENU',N'Permite ver el menu de rentas'),
	 (109,N'NIVEL_3_RENTAS_SOLICITUDES_LIBRE_DEUDA',N'Permite ver el historial de solicitudes (Pendientes pago o aprobación) de libre deuda de rentas'),
	 (110,N'NIVEL_3_RENTAS_RESOLVER_SOLICITUD_LIBRE_DEUDA',N'Permite aceptar/rechazar una solicitud de libre deuda de rentas'),
	 (111,N'NIVEL_3_RENTAS_HISTORIAL_LIBRE_DEUDA',N'Permite ver el historial de solicitudes (Aceptadas o Rechazadas) de libre deuda de rentas'),
	 (112,N'NIVEL_3_RENTAS_EXENTAR_PAGO_SOLICITUD_LIBRE_DEUDA',N'Permite exentar el pago de una solicitud de libre deuda de rentas'),
	 (113,N'NIVEL_3_INCIDENTES_MENU',N'Permite ver el menu de incidentes'),
	 (114,N'NIVEL_3_INCIDENTES_AREAS',N'Permite ver el menu de areas  de incidentes'),
	 (115,N'NIVEL_3_INCIDENTES_INFORMES',N'Permite ver el listado de informes de incidentes'),
	 (116,N'NIVEL_3_INCIDENTES_INFORMES_OBSERVAR',N'Permite observar un informe de incidente'),
	 (117,N'NIVEL_3_TRANSITO_MENU',N'Permite ver el menu de transito'),
	 (118,N'NIVEL_3_TRANSITO_SOLICITUDES_PP_PERMISO',N'Permite ver el historial de solicitudes (Pendientes de Pago) de permiso de transito'),
	 (119,N'NIVEL_3_TRANSITO_EXENTAR_PAGO_SOLICITUD_PERMISO',N'Permite exentar el pago de una solicitud de permiso de transito'),
	 (120,N'NIVEL_3_TRANSITO_SOLICITUDES_P1_PERMISO',N'Permite ver el historial de solicitudes (Paso 1) de permiso de transito'),
	 (121,N'NIVEL_3_TRANSITO_SOLICITUDES_P2_PERMISO',N'Permite ver el historial de solicitudes (Paso 2) de permiso de transito'),
	 (122,N'NIVEL_3_TRANSITO_RESOLVER_P1_SOLICITUD_PERMISO',N'Permite aceptar/rechazar una solicitud (Paso 1) de permiso de transito'),
	 (123,N'NIVEL_3_TRANSITO_RESOLVER_P2_SOLICITUD_PERMISO',N'Permite aceptar/rechazar una solicitud (Paso 2) de permiso de transito'),
	 (124,N'NIVEL_3_TRANSITO_HISTORIAL_PERMISOS',N'Permite ver el historial de solicitudes (Aceptadas o Rechazadas) de permiso de transito'),
	 (125,N'NIVEL_3_TRANSITO_SUSPENDER_PERMISO',N'Permite suspender/habilitar solicitud de permiso de transito'),
	 (126,N'NIVEL_3_MESA_ENTRADA_MENU',N'Permite ver el menu de Mesa de Entrada'),
	 (127,N'NIVEL_3_MESA_ENTRADA_SOLICITUDES_NOTA',N'Permite ver el historial de solicitudes Notas en Mesa de Entrada'),
	 (128,N'NIVEL_3_MESA_ENTRADA_RESOLVER_SOLICITUDES_NOTA',N'Permite aceptar/rechazar una solicitud de Nota en Mesa de Entrada'),
	 (129,N'NIVEL_3_DECLARA_MEDIDOR_MENU',N'Permite ver el menu para el modulo de Declaracion de medidores'),
	 (130,N'NIVEL_3_DECLARA_MEDIDOR_ADMIN_PROF_MATRICULADO',N'Permite ver y administrar profesionales matriculados'),
	 (131,N'NIVEL_3_DECLARA_MEDIDOR_HISTORIAL_DECLARACIONES',N'Permite ver el historial de declaraciones de medidores de agua'),
	 (132,N'NIVEL_3_DECLARA_MEDIDOR_INGRESAR_DECLARACION',N'Permite ingresar una declaracion de medidor de agua'),
	 (133,N'NIVEL_3_DASHBOARD_BASIC_VIEW',N'Permite ver el menu y apartado basico de Dashboard'),
	 (143,N'NIVEL_3_CONSIGNAR_USUARIO',N'Permite cargar el PDF firmado y enviar la solicitud de consignacion de usuario al SED'),
	 (144,N'NIVEL_3_CONSIGNADOS_MENU',N'Permite ver el menu para el historial de Usuarios Consignados'),
	 (145,N'NIVEL_3_CONSIGNADOS_HABILITAR',N'Permite habilitar/suspender el estado consignado de un usuario consignado'),
	 (146,N'NIVEL_3_PUNTO_SIGEM',N'Permite ver el menu y administrar los PuntoSIGEM'),
	 (148,N'NIVEL_3_H_COMERCIAL_MENU',N'Permite ver el menu para el modulo de Habilitacion Comercial'),
	 (149,N'NIVEL_3_H_COMERCIAL_ADMIN_REQUISITOS',N'Permite ver y administrar los requisitos'),
	 (150,N'NIVEL_3_H_COMERCIAL_ADMIN_RUBROS',N'Permite ver y administrar los rubros'),
	 (151,N'NIVEL_3_H_COMERCIAL_ADMIN_RANGO_M2',N'Permite ver y administrar los rangos M2'),
	 (152,N'NIVEL_3_H_COMERCIAL_ADMIN_ACTIVIDAD_AFIP',N'Permite ver y administrar las actividades AFIP'),
	 (153,N'NIVEL_3_H_COMERCIAL_VER_SOLICITUDES_PASO_1',N'Permite ver las solicitudes de habilitacion comercial'),
	 (154,N'NIVEL_3_H_COMERCIAL_RESOLVER_SOLICITUDES_PASO_1',N'Permite resolver las solicitudes de habilitacion comercial ene tapa 1'),
	 (155,N'NIVEL_3_H_COMERCIAL_VER_SOLICITUDES_PASO_2',N'Permite ver las solicitudes de habilitacion comercial en etapa 2 (pagadas, pendientes de evaluacion)'),
	 (156,N'NIVEL_3_H_COMERCIAL_RESOLVER_SOLICITUDES_PASO_2',N'Permite resolver las solicitudes de habilitacion comercial en etapa 2 (pagadas, pendientes de evaluacion)'),
	 (157,N'NIVEL_3_H_COMERCIAL_VER_SOLICITUDES_PASO_3',N'Permite ver las solicitudes de habilitacion comercial en etapa 3 (Pendiente de identificación (Rentas))'),
	 (158,N'NIVEL_3_H_COMERCIAL_RESOLVER_SOLICITUDES_PASO_3',N'Permite resolver las solicitudes de habilitacion comercial en etapa 3 (Pendiente de identificación (Rentas))'),
	 (159,N'NIVEL_3_H_COMERCIAL_VER_SOLICITUDES_CG',N'Permite ver las solicitudes de habilitacion comercial en todos los estados. (CONSULTA GENERAL)'),
	 (160,N'NIVEL_3_H_COMERCIAL_ACEPTAR_EXENTAR_PAGO',N'Permite aceptar PASO 1 exentando pago de sellado.'),
	 (161,N'NIVEL_3_H_COMERCIAL_EXENTAR_PAGO',N'Permite exentar el pago de sellado de una solicitud pendiente de pago'),
	 (162,N'SIGEM_N3_LS_BAJA',N'Permite dar de baja una LS suspendida'),
	 (163,N'NIVEL_3_H_COMERCIAL_RECUPERAR_OBS',N'Permite recuperar una HC observada en manos del ciudadano.'),
	 (164,N'NIVEL_3_PLAZA_SALUDABLE',N'Permite ver el menu y administrar las plazas saludables'),
	 (165,N'NIVEL_3_CULTURA',N'Permite ver el menu y administrar los puntos culturales'),
	 (166,N'NIVEL_3_MENU_BEG',N'Permite ver menu general de BEG'),
	 (167,N'NIVEL_3_LIST_BEG_ACEPTAR',N'Permite ver el listado de BEG a Aceptar'),
	 (168,N'NIVEL_3_BEG_GENERAR_LOTE',N'Permite ver el generar lote de BEG'),
	 (169,N'NIVEL_3_BEG_HISTORIAL',N'Permite ver el historial de Boletos Estudiantiles'),
	 (170,N'NIVEL_3_BEG_VERIFICAR',N'Permite verificar un boleto pendiente de verificacion telefono'),
	 (171,N'NIVEL_3_BEG_INST_EDUCATIVO_LIST',N'Permite ver el listado de Intitutos Educativos'),
	 (172,N'NIVEL_3_BEG_INST_EDUCATIVO_CREAR',N'Permite crear nuevo Intitutos Educativos'),
	 (173,N'NIVEL_3_BEG_INST_EDUCATIVO_BAJA',N'Permite dar de baja Intitutos Educativos'),
	 (174,N'NIVEL_3_BEG_INST_EDUCATIVO_EDITAR',N'Permite editar Intitutos Educativos'),
	 (175,N'NIVEL_3_BEG_AVISAR_LOTE',N'Permite cargar la info de SUBE sobre un lote de boletos'),
	 (176,N'NIVEL_3_BEG_RE_AVISAR_BOLETO',N'Permite cambiar el estado de un boleto en COLA luego de avisar un lote'),
	 (177,N'COMPRAS_CE_MENU',N'COMPRAS - Permite ver el menu para el modulo de Circuito de Expediente'),
	 (178,N'COMPRAS_CE_EXPEDIENTE_MENU',N'COMPRAS - Permite ver el menu para el modulo de Expediente'),
	 (179,N'COMPRAS_CE_EXPEDIENTE_CREATE',N'COMPRAS - Permite crear nuevos Expedientes'),
	 (180,N'COMPRAS_CE_EXPEDIENTE_EDIT',N'COMPRAS - Permite editar Expedientes'),
	 (181,N'COMPRAS_CE_EXPEDIENTE_SHOW',N'COMPRAS - Permite ver detalles de un Expediente'),
	 (182,N'COMPRAS_CE_EXPEDIENTE_DELETE',N'COMPRAS - Permite eliminar Expedientes'),
	 (183,N'COMPRAS_PG_MENU',N'COMPRAS - Permite ver el menu para el modulo de Parametros Generales'),
	 (184,N'COMPRAS_PG_RUBRO_MENU',N'COMPRAS - Permite ver el menu para el modulo de Rubros'),
	 (185,N'COMPRAS_PG_RUBRO_CREATE',N'COMPRAS - Permite crear nuevos Rubros'),
	 (186,N'COMPRAS_PG_RUBRO_EDIT',N'COMPRAS - Permite editar Rubros'),
	 (187,N'COMPRAS_PG_RUBRO_DELETE',N'COMPRAS - Permite eliminar Rubros'),
	 (188,N'COMPRAS_PG_TEC_MENU',N'COMPRAS - Permite ver el menu para el modulo de Tipo Expediente Compra'),
	 (189,N'COMPRAS_PG_TEC_CREATE',N'COMPRAS - Permite crear nuevos Tipo Expediente Compra'),
	 (190,N'COMPRAS_PG_TEC_EDIT',N'COMPRAS - Permite editar Tipo Expediente Compra'),
	 (191,N'COMPRAS_PG_TEC_DELETE',N'COMPRAS - Permite eliminar Tipo Expediente Compra'),
	 (192,N'COMPRAS_PG_TA_MENU',N'COMPRAS - Permite ver el menu para el modulo de Tipo Asignaciones'),
	 (193,N'COMPRAS_PG_TA_CREATE',N'COMPRAS - Permite crear nuevos Tipo Asignaciones'),
	 (194,N'COMPRAS_PG_TA_EDIT',N'COMPRAS - Permite editar Tipo Asignaciones'),
	 (195,N'COMPRAS_PG_TA_DELETE',N'COMPRAS - Permite eliminar Tipo Asignaciones'),
	 (196,N'COMPRAS_PG_TC_MENU',N'COMPRAS - Permite ver el menu para el modulo de Tipo Comprobante'),
	 (197,N'COMPRAS_PG_TC_CREATE',N'COMPRAS - Permite crear nuevos Tipo Comprobante'),
	 (198,N'COMPRAS_PG_TC_EDIT',N'COMPRAS - Permite editar Tipo Comprobante'),
	 (199,N'COMPRAS_PG_TC_DELETE',N'COMPRAS - Permite eliminar Tipo Comprobante'),
	 (200,N'COMPRAS_PG_TCON_MENU',N'COMPRAS - Permite ver el menu para el modulo de Tipo Contratacion'),
	 (201,N'COMPRAS_PG_TCON_CREATE',N'COMPRAS - Permite crear nuevos Tipo Contratacion'),
	 (202,N'COMPRAS_PG_TCON_EDIT',N'COMPRAS - Permite editar Tipo Contratacion'),
	 (203,N'COMPRAS_PG_TCON_DELETE',N'COMPRAS - Permite eliminar Tipo Contratacion'),
	 (204,N'COMPRAS_PG_UM_MENU',N'COMPRAS - Permite ver el menu para el modulo de Unidades Medidas'),
	 (205,N'COMPRAS_PG_UM_CREATE',N'COMPRAS - Permite crear nuevos Unidades Medidas'),
	 (206,N'COMPRAS_PG_UM_EDIT',N'COMPRAS - Permite editar Unidades Medidas'),
	 (207,N'COMPRAS_PG_UM_DELETE',N'COMPRAS - Permite eliminar Unidades Medidas'),
	 (208,N'COMPRAS_PG_COO_MENU',N'COMPRAS - Permite ver el menu para el modulo de Coordinaciones'),
	 (209,N'COMPRAS_PG_COO_CREATE',N'COMPRAS - Permite crear nuevos Coordinaciones'),
	 (210,N'COMPRAS_PG_COO_EDIT',N'COMPRAS - Permite editar Coordinaciones'),
	 (211,N'COMPRAS_PG_COO_DELETE',N'COMPRAS - Permite eliminar Coordinaciones'),
	 (212,N'COMPRAS_PG_UE_MENU',N'COMPRAS - Permite ver el menu para el modulo de Unidad Ejecutora'),
	 (213,N'COMPRAS_PG_UE_CREATE',N'COMPRAS - Permite crear nuevos Unidad Ejecutora'),
	 (214,N'COMPRAS_PG_UE_EDIT',N'COMPRAS - Permite editar Unidad Ejecutora'),
	 (215,N'COMPRAS_PG_UE_DELETE',N'COMPRAS - Permite eliminar Unidad Ejecutora'),
	 (216,N'COMPRAS_PG_PD_MENU',N'COMPRAS - Permite ver el menu para el modulo de Producto'),
	 (217,N'COMPRAS_PG_PD_CREATE',N'COMPRAS - Permite crear nuevos Producto'),
	 (218,N'COMPRAS_PG_PD_EDIT',N'COMPRAS - Permite editar Producto'),
	 (219,N'COMPRAS_PG_PD_DELETE',N'COMPRAS - Permite eliminar Producto'),
	 (220,N'COMPRAS_PV_MENU',N'COMPRAS - Permite ver el menu para el modulo de PROVEEDOR'),
	 (221,N'COMPRAS_PV_CREATE',N'COMPRAS - Permite crear nuevos PROVEEDOR'),
	 (222,N'COMPRAS_PV_EDIT',N'COMPRAS - Permite editar PROVEEDOR'),
	 (223,N'COMPRAS_PV_DELETE',N'COMPRAS - Permite eliminar PROVEEDOR'),
	 (224,N'COMPRAS_PV_RESOLVER',N'COMPRAS - Permite aceptar o rechazar una solicitud de PROVEEDOR'),
	 (225,N'COMPRAS_PV_SUSPENDER',N'COMPRAS - Permite suspender un proveedor activo'),
	 (226,N'COMPRAS_PV_HABILITAR',N'COMPRAS - Permite habilitar un proveedor activo'),
	 (227,N'COMPRAS_EXTERNAL_LOGIN',N'Permite login externo en COMPRAS'),
	 (228,N'COMPRAS_EXTERNAL_PROVEEDORES',N'Permite realizar todas las acciones correspondientes al modulo externo de proveedores'),
	 (229,N'NIVEL_3_H_COMERCIAL_ALTA_INSPECCION',N'Permite Ingresar nuevas inspecciónes realizadas.'),
	 (230,N'NIVEL_3_BEG_PA_EDITAR_TELEFONO',N'Permite cambiar el numero de telefono contacto de un boleto'),
	 (231,N'NIVEL_3_BEG_PA_CAMBIAR_ESTADO',N'Permite cambiar el estado de un boleto'),
	 (232,N'Compras Total admin',N'la suma de todos los poderes'),
	 (233,N'NIVEL_3_BEG_POST_EDITAR_BOLETO',N'Permite los datos de un boleto luego de ser solicitado'),
	 (234,N'COMPRAS_CE_CONFIRMAR_EXPEDIENTE',N'COMPRAS - Permite confirmar un expediente para enviarlo a Pedido de presupuesto'),
	 (235,N'COMPRAS_CE_AGREGAR_RUBROS_NOTIF',N'COMPRAS - Permite agregar rubros extras a notificar cuando se confirma el proceso'),
	 (236,N'COMPRAS_CE_CONFIRMAR_PREADJUDICACION',N'COMPRAS - Permite confirmar el resultado de una preAdjudicacion.'),
	 (237,N'COMPRAS_CE_INVALIDAR_PREADJUDICACION',N'COMPRAS - Permite invalidar un proceso luego de que fue preadjudicado automaticamente.'),
	 (238,N'COMPRAS_CE_EDITAR_RESULT_PREADJUDICACION',N'COMPRAS - Permite editar los ganadores del preadjudicado automatico.'),
	 (239,N'COMPRAS_CE_ADJUDICAR',N'COMPRAS - Permite adjudicar un proceso.'),
	 (240,N'COMPRAS_CE_UE_EDIT_REQ',N'COMPRAS - Unidad ejecutora puede editar los requerimientos de sus procesos'),
	 (241,N'COMPRAS_CE_UE_EXPEDIENTE_SHOW',N'COMPRAS - Unidad ejecutora puede ver detalles de sus procesos'),
	 (242,N'COMPRAS_CE_UE_EXPEDIENTE_MENU',N'COMPRAS - Unidad ejecutora permite ver el menu para el modulo de sus Expedientes'),
	 (243,N'COMPRAS_CE_UE_EXPEDIENTE_CREATE',N'COMPRAS - Permite crear nuevos Expedientes'),
	 (244,N'COMPRAS_CE_EXPEDIENTE_CONFIRMA_REQ',N'COMPRAS - Permite confirmar requerimientos de un expediente'),
	 (245,N'COMPRAS_CE_EXPEDIENTE_VALIDAR_REQ_CON_UE',N'COMPRAS - vuelve el proceso a UE para validar los requerimientos'),
	 (246,N'COMPRAS_PG_PD_UE_MENU',N'COMPRAS - Permite ver el menu para el modulo de Producto'),
	 (247,N'COMPRAS_PG_PD_UE_SOLICITAR',N'COMPRAS - Permite crear nuevos Producto'),
	 (248,N'COMPRAS_PG_RR_MENU',N'COMPRAS - Permite ver el menu para el modulo de Requisito Rubro'),
	 (249,N'COMPRAS_PG_RR_CREATE',N'COMPRAS - Permite crear nuevos  Requisito Rubro'),
	 (250,N'COMPRAS_PG_RR_EDIT',N'COMPRAS - Permite editar  Requisito Rubro'),
	 (251,N'COMPRAS_PG_RR_DELETE',N'COMPRAS - Permite eliminar  Requisito Rubro'),
	 (252,N'COMPRAS_PG_RUBRO_ADMIN_RR',N'COMPRAS - Permite vincular Requisitos a Rubros.'),
	 (254,N'COMPRAS_EXPEDIENTE_EXTERNO_NOTIFICADOR',N'Permite notificar firmas de expedientes en la api de notificaciones externas'),
	 (255,N'NIVEL_3_H_COMERCIAL_RESOLVER_INSPECCION',N'Permite resolver las nuevas inspecciónes realizadas.'),
	 (256,N'NIVEL_3_H_COMERCIAL_COMERCIO_MENU',N'Permite ver el menu e historial de HC en are de comercio.'),
	 (257,N'NIVEL_3_H_COMERCIAL_COMERCIO_RESOLVER',N'Permite resolver las decisiones de inspecciónes realizadas, estadia COMERCIO.'),
	 (258,N'NIVEL_3_H_COMERCIAL_INFORMAR_PAGO_EXTERNO',N'Permite informar un pago externo de una solicitud pendiente de pago'),
	 (259,N'EXCEL_NIVEL_3_EXPORTA_HISTORIALES',N'Permite descargar historial de distintos modulos en formato excel'),
	 (261,N'COMPRAS_CE_ORDEN_PROVISION',N'COMPRAS - Permite realizar la orden de provisión de un proceso.'),
	 (262,N'COMPRAS_CE_EXPEDIENTE_PASAR_ESTADO_PRE_ADJ',N'COMPRAS - Permite pasar de estado manualmente de PRE a ADJ'),
	 (263,N'COMPRAS_CE_UE_ADJUDICAR',N'COMPRAS UE - Permite adjudicar un proceso.'),
	 (265,N'COMPRAS_CE_EXPEDIENTE_PASAR_ESTADO_REQ-UE_REQ-UE-PF',N'COMPRAS - Permite pasar de estado manualmente de REQ-UE a REQ-UE-PF'),
	 (268,N'COMPRAS_CE_EXPEDIENTE_PASAR_ESTADO_REQ-UE_REQ',N'COMPRAS - Permite pasar de estado manualmente de REQ-UE a REQ'),
	 (269,N'COMPRAS_CE_EXPEDIENTE_PASAR_ESTADO_REQ_PEP',N'COMPRAS - Permite pasar de estado manualmente de REQ a PEP'),
	 (270,N'COMPRAS_CE_EXPEDIENTE_DESCARGAR_REPORTE_REQ',N'COMPRAS - Permite descargar el reporte de REQ'),
	 (271,N'COMPRAS_CE_ELIMINAR_RESULT_PREADJUDICACION',N'COMPRAS - Permite eliminar los ganadores del preadjudicado automatico.'),
	 (273,N'COMPRAS_CE_EXPEDIENTE_DECLARAR_DESIERTO',N'COMPRAS - Permite declarar desierto sobre proceso.'),
	 (274,N'COMPRAS_CE_ORDEN_PROVISION_NOTIFICAR_PROVEEDORES',N'COMPRAS - Permite realizar la notificacion final a los proveedores.'),
	 (275,N'COMPRAS_CE_DESCARGA_BITACORA_COMUNICACION_PROVISORIA',N'COMPRAS - Permite descargar la bitacora de comunicacion provisoria.'),
	 (276,N'COMPRAS_CE_UE_NUEVO_ARCHIVO',N'COMPRAS UE - Permite cargar nuevo archivo.'),
	 (277,N'COMPRAS_CE_UE_ELIMINA_ARCHIVO',N'COMPRAS UE - Permite eliminar archivo.'),
	 (278,N'COMPRAS_CE_NUEVO_ARCHIVO',N'COMPRAS - Permite cargar nuevo archivo.'),
	 (279,N'COMPRAS_CE_ELIMINA_ARCHIVO',N'COMPRAS - Permite eliminar archivo.'),
	 (280,N'COMPRAS_CE_UE_EDITAR_ARCHIVO',N'COMPRAS UE - Permite cargar nuevo archivo.'),
	 (281,N'COMPRAS_CE_EDITAR_ARCHIVO',N'COMPRAS - Permite cargar nuevo archivo.'),
	 (282,N'NIVEL_3_IG_HISTORIAL',N'Permite ver el historial de solicitudes de reclamo para el area identidad de genero'),
	 (283,N'NIVEL_3_IG_RESOLVER_SOLICITUD',N'Permite resolver solicitudes de reclamo para el area identidad de genero'),
	 (284,N'COMPRAS_CE_EXPEDIENTE_REQ_A_REQ-UE',N'COMPRAS - Permite pasar de estado de REQ a REQ-UE'),
	 (285,N'COMPRAS_CE_EXPEDIENTE_REINICIAR_PROCESO',N'COMPRAS - Permite reiniciar el proceso'),
	 (286,N'NIVEL_3_TRANSPORTE_LICENCIA_RESOLVER_SOLICITUDES_PASO_1',N'Permite avanzar solicitudes de licencia pendientes de aceptacion.'),
	 (287,N'NIVEL_3_TRANSPORTE_MENU',N'Permite ver menu nivel 3 de transporte.'),
	 (288,N'NIVEL_3_TRANSPORTE_LICENCIA_VER_SOLICITUDES_PASO_1',N'Permite ver apartado nivel 3 para solicitudes de licencia pendientes de aceptación.'),
	 (289,N'NIVEL_3_TRANSPORTE_LICENCIA_VER_SOLICITUDES_PASO_2',N'Permite ver apartado nivel 3 para solicitudes de licencia pendientes de evaluación.'),
	 (290,N'NIVEL_3_TRANSPORTE_LICENCIA_RESOLVER_SOLICITUDES_PASO_2',N'Permite avanzar solicitudes de licencia pendientes de evaluación.'),
	 (291,N'NIVEL_3_TRANSPORTE_LICENCIA_CONSULTA_GENERAL',N'Permite ver apartado nivel 3 para realizar consulta general de licencias.'),
	 (292,N'NIVEL_3_TRANSPORTE_LICENCIA_EXENTAR_PAGO',N'Permite exentar de pago a las solicitudes de licencia tanto alta como baja.'),
	 (293,N'NIVEL_3_TRANSPORTE_LICENCIA_INFORMAR_PAGO_EXTERNO',N'Permite informar pago externo a las solicitudes de licencia tanto alta como baja.'),
	 (294,N'NIVEL_3_TRANSPORTE_LICENCIA_VER_SOLICITUDES_PASO_3',N'Permite ver apartado nivel 3 para solicitudes de licencia pendientes de inspección.'),
	 (295,N'NIVEL_3_TRANSPORTE_LICENCIA_RESOLVER_SOLICITUDES_PASO_3',N'Permite avanzar solicitudes de licencia pendientes de inspección.'),
	 (296,N'NIVEL_3_TRANSPORTE_RESOLVER_ALTACHOFER',N'Permite aceptar solicitudes de asociación entre choferes y licencias.'),
	 (297,N'NIVEL_3_ARTESANO_MENU',N'Permite ver menu artesano nivel 3.'),
	 (298,N'NIVEL_3_ARTESANO_SOLICITUDES',N'Permite ver solicitudes de registro de artesanos.'),
	 (299,N'NIVEL_3_ARTESANO_EVENTOS',N'Permite ver eventos de artesano.'),
	 (300,N'NIVEL_3_ARTESANO_RUBROS',N'Permite ver rubros de artesano.'),
	 (301,N'NIVEL_3_ARTESANO_RUBRO',N'Permite crear rubros de artesano.'),
	 (302,N'NIVEL_3_H_COMERCIAL_DAR_BAJA',N'Permite dar de baja una HC'),
	 (304,N'NIVEL_3_CAPACITACION_MENU',N'Permite ver menu capacitacion nivel 3.'),
	 (305,N'NIVEL_3_ADMINISTRAR_CAPACITACION',N'Permite ver capacitaciones de funcionarios y vecinos.'),
	 (306,N'NIVEL_3_TRANSPORTE_LICENCIA_VER_SOLICITUDES_PASO_4',N'Permite ver y listar solicitudes pendientes de Verificación Técnica.'),
	 (307,N'NIVEL_3_TRANSPORTE_LICENCIA_RESOLVER_SOLICITUDES_PASO_4',N'Permite avanzar solicitudes pendientes de Verificación Técnica.'),
	 (308,N'NIVEL_3_TRANSPORTE_LICENCIA_VER_SOLICITUDES_PASO_5',N'Permite ver y listar solicitudes pendientes de habilitación definitiva de transporte.'),
	 (309,N'NIVEL_3_TRANSPORTE_LICENCIA_RESOLVER_SOLICITUDES_PASO_5',N'Permite avanzar solicitudes pendientes de habilitación definitiva de transporte.'),
	 (310,N'NIVEL_3_PROCESAR_CAPACITACION',N'Permite procesar solicitudes de capacitaciones.'),
	 (311,N'NIVEL_3_ABM_CAPACITACION',N'Permite crear, modificar y baja de una capacitacion.'),
	 (316,N'COMPRAS_ACCESO_FUNCIONES_DEV_QA',N'Puede acceder a las herramientas de rantiy DEV/QA'),
	 (317,N'COMPRAS_CE_EXPEDIENTE_PASAR_ESTADO_PRE_ADJ_CP',N'COMPRAS - Permite a CP pasar de estado manualmente de PRE a ADJ'),
	 (318,N'COMPRAS_CE_CP_ADJUDICAR',N'COMPRAS - Permite a CP adjudicar un proceso'),
	 (322,N'NIVEL_3_ESCUELA_MANEJO_MENU',N'Permite ver menu escuela de manejo nivel 3.'),
	 (324,N'NIVEL_3_ADMIN_DDJJ',N'Permite ver menu Consulta DDJJ.');

INSERT INTO dbo.sgm_sec_rol (id,description,name) VALUES
	 (1,N'Acceso total a todos los módulos.',N'SuperAdmin'),
	 (2,N'Administración.',N'Admin'),
	 (3,N'Usuario.',N'Usuario'),
	 (6,N'Habilita las funcionalidades de firma',N'Firma'),
	 (22,N'Web Services del Sistema de Expediente Digital',N'Web Services'),
	 (24,N'Administrador SIGEM',N'AdminSIGEM'),
	 (25,N'Permisos base para el menu y las notificaciones',N'Base'),
	 (33,N'Permite operar en nombre de un Ciudadano',N'OperadorDeCiudadanos'),
	 (34,N'Permite Administrar todos los pasos de la Libreta Sanitaria',N'AdministradorLibretaSanitaria'),
	 (43,N'Permite consultar el estado de boletas',N'VerificadorEstadoBoletas'),
	 (44,N'Permite administrar todos los aspectos del modulo turnos',N'AdministradorGeneralTurnos'),
	 (49,N'Permite ver el historial de LS hasta el momento',N'HistoriadorLibretaSanitaria'),
	 (50,N'Autorizacion Login Manager',N'AutorizacionLoginManager'),
	 (57,N'Permite aceptar una solicitud de retiro de basura',N'AceptadorSolicitudesRetirosDeBasura'),
	 (66,N'Permite administrar todos los aspectos del modulo de juzgado de faltas',N'AdministradorGeneralJuzgadoFaltas'),
	 (73,N'Rol para manejo de Recursos Humanos.',N'R.R.H.H.'),
	 (77,N'AutorizacionRRHH',N'AutorizacionRRHH'),
	 (78,N'ABM Usuarios',N'ABM Usuarios'),
	 (85,N'Permite administrar todos los aspectos del modulo de TRANSITO',N'AdministradorGeneralTransito'),
	 (91,N'Permite administrar todos los aspectos del modulo de Mesa de Entrada',N'AdministradorGeneralMesaEntrada'),
	 (107,N'Permite administrar todos los aspectos del modulo Consignacion Usuario',N'AdminConsignacionUsuarios'),
	 (115,N'Permite Consultar el estado de una habilitación',N'ConsultaHabilitacionComercial'),
	 (128,N'COMPRAS - Ver y administrar todos los aspectos del modulo Expedientes',N'COMPRAS_AdminExpedientes'),
	 (144,N'Empleao de tesorería',N'EmpleadoTesoreria'),
	 (148,N'Permite la imputacion de las cuentas',N'Imputacion'),
	 (150,N'PErmite gestionar los movimientos de partidas',N'Gestion movimiento de partidas'),
	 (154,N'la suma de todos los poderes',N'COMPRAS TOTAL ADMIN'),
	 (158,N'COMPRAS - Unidad ejecutora puede editar los requerimientos de sus procesos',N'COMPRAS_UE_Expedientes'),
	 (166,N'PlanCuentas',N'PlanCuentas'),
	 (172,N'Operador de Control de Cursos',N'Operador CC'),
	 (173,N'Web Services de Consultas de Portal de Autenticación',N'WSPA - Consultas'),
	 (179,N'usuario iniciador del proceso',N'Usuario_UE'),
	 (190,N'Administrador de Creditos',N'Administrador Creditos'),
	 (198,N'Puede acceder a las herramientas de rantiy DEV/QA',N'ComprasDevQA');

INSERT INTO dbo.sgm_sec_rol_permisos (rol_id,permiso_id) VALUES
	 (1,282),
	 (1,283),
	 (24,29),
	 (24,30),
	 (24,31),
	 (24,32),
	 (24,33),
	 (24,34),
	 (24,35),
	 (24,36),
	 (24,37),
	 (24,38),
	 (24,39),
	 (24,40),
	 (24,41),
	 (24,42),
	 (24,43),
	 (24,44),
	 (24,45),
	 (24,46),
	 (24,47),
	 (24,48),
	 (24,49),
	 (24,50),
	 (24,51),
	 (24,52),
	 (24,53),
	 (24,54),
	 (24,55),
	 (24,56),
	 (24,57),
	 (24,58),
	 (24,62),
	 (24,63),
	 (24,64),
	 (24,65),
	 (24,66),
	 (24,67),
	 (24,68),
	 (24,69),
	 (24,70),
	 (24,71),
	 (24,72),
	 (24,73),
	 (24,74),
	 (24,75),
	 (24,76),
	 (24,77),
	 (24,80),
	 (24,81),
	 (24,82),
	 (24,83),
	 (24,84),
	 (24,85),
	 (24,86),
	 (24,87),
	 (24,88),
	 (24,89),
	 (24,90),
	 (24,91),
	 (24,92),
	 (24,93),
	 (24,94),
	 (24,95),
	 (24,96),
	 (24,97),
	 (24,98),
	 (24,99),
	 (24,100),
	 (24,101),
	 (24,103),
	 (24,104),
	 (24,105),
	 (24,106),
	 (24,107),
	 (24,108),
	 (24,109),
	 (24,110),
	 (24,111),
	 (24,112),
	 (24,113),
	 (24,114),
	 (24,115),
	 (24,116),
	 (24,117),
	 (24,118),
	 (24,119),
	 (24,120),
	 (24,121),
	 (24,122),
	 (24,123),
	 (24,124),
	 (24,125),
	 (24,126),
	 (24,127),
	 (24,128),
	 (24,129),
	 (24,130),
	 (24,131),
	 (24,132),
	 (24,133),
	 (24,143),
	 (24,144),
	 (24,145),
	 (24,146),
	 (24,148),
	 (24,149),
	 (24,150),
	 (24,151),
	 (24,152),
	 (24,153),
	 (24,154),
	 (24,155),
	 (24,156),
	 (24,157),
	 (24,158),
	 (24,159),
	 (24,160),
	 (24,161),
	 (24,162),
	 (24,163),
	 (24,164),
	 (24,165),
	 (24,166),
	 (24,167),
	 (24,168),
	 (24,169),
	 (24,170),
	 (24,171),
	 (24,172),
	 (24,173),
	 (24,174),
	 (24,175),
	 (24,176),
	 (24,229),
	 (24,230),
	 (24,231),
	 (24,233),
	 (24,255),
	 (24,256),
	 (24,257),
	 (24,258),
	 (24,259),
	 (24,286),
	 (24,287),
	 (24,288),
	 (24,289),
	 (24,290),
	 (24,291),
	 (24,292),
	 (24,293),
	 (24,294),
	 (24,295),
	 (24,296),
	 (24,297),
	 (24,298),
	 (24,299),
	 (24,300),
	 (24,301),
	 (24,302),
	 (24,304),
	 (24,305),
	 (24,306),
	 (24,307),
	 (24,308),
	 (24,309),
	 (24,310),
	 (24,311),
	 (24,322),
	 (24,324),
	 (25,29),
	 (25,30),
	 (25,67),
	 (33,55),
	 (34,56),
	 (34,57),
	 (34,58),
	 (34,64),
	 (34,74),
	 (34,77),
	 (34,101),
	 (34,162),
	 (43,65),
	 (43,66),
	 (44,68),
	 (44,69),
	 (44,70),
	 (44,71),
	 (44,72),
	 (44,73),
	 (44,87),
	 (49,64),
	 (49,74),
	 (57,80),
	 (57,81),
	 (57,82),
	 (66,95),
	 (66,96),
	 (66,97),
	 (66,98),
	 (66,100),
	 (66,103),
	 (66,104),
	 (66,105),
	 (66,106),
	 (66,107),
	 (85,117),
	 (85,118),
	 (85,119),
	 (85,120),
	 (85,121),
	 (85,122),
	 (85,123),
	 (85,124),
	 (85,125),
	 (91,126),
	 (91,127),
	 (91,128),
	 (107,143),
	 (107,144),
	 (107,145),
	 (115,148),
	 (115,159),
	 (128,177),
	 (128,178),
	 (128,179),
	 (128,180),
	 (128,181),
	 (128,182),
	 (128,234),
	 (128,235),
	 (128,236),
	 (128,237),
	 (128,238),
	 (128,239),
	 (128,245),
	 (128,261),
	 (128,262),
	 (128,263),
	 (128,269),
	 (128,270),
	 (128,271),
	 (128,273),
	 (128,274),
	 (128,275),
	 (128,278),
	 (128,279),
	 (128,281),
	 (128,284),
	 (128,285),
	 (128,317),
	 (128,318),
	 (154,32),
	 (154,36),
	 (154,41),
	 (154,44),
	 (154,45),
	 (154,177),
	 (154,178),
	 (154,179),
	 (154,180),
	 (154,181),
	 (154,182),
	 (154,183),
	 (154,184),
	 (154,185),
	 (154,186),
	 (154,187),
	 (154,188),
	 (154,189),
	 (154,190),
	 (154,191),
	 (154,192),
	 (154,193),
	 (154,194),
	 (154,195),
	 (154,196),
	 (154,197),
	 (154,198),
	 (154,199),
	 (154,200),
	 (154,201),
	 (154,202),
	 (154,203),
	 (154,204),
	 (154,205),
	 (154,206),
	 (154,207),
	 (154,208),
	 (154,209),
	 (154,210),
	 (154,211),
	 (154,212),
	 (154,213),
	 (154,214),
	 (154,215),
	 (154,216),
	 (154,217),
	 (154,218),
	 (154,219),
	 (154,220),
	 (154,221),
	 (154,222),
	 (154,223),
	 (154,224),
	 (154,225),
	 (154,226),
	 (154,227),
	 (154,228),
	 (154,232),
	 (154,234),
	 (154,235),
	 (154,236),
	 (154,237),
	 (154,238),
	 (154,239),
	 (154,240),
	 (154,241),
	 (154,242),
	 (154,243),
	 (154,244),
	 (154,245),
	 (154,246),
	 (154,247),
	 (154,248),
	 (154,249),
	 (154,250),
	 (154,251),
	 (154,252),
	 (154,254),
	 (154,261),
	 (154,263),
	 (154,270),
	 (154,271),
	 (154,273),
	 (154,274),
	 (154,275),
	 (154,276),
	 (154,277),
	 (154,278),
	 (154,279),
	 (154,280),
	 (154,281),
	 (154,317),
	 (154,318),
	 (158,177),
	 (158,240),
	 (158,241),
	 (158,242),
	 (158,243),
	 (158,244),
	 (158,263),
	 (158,265),
	 (158,268),
	 (158,276),
	 (158,277),
	 (158,280),
	 (179,177),
	 (179,240),
	 (179,241),
	 (179,242),
	 (179,243),
	 (179,244),
	 (179,247),
	 (179,263),
	 (179,276),
	 (179,277),
	 (179,280),
	 (198,316);

INSERT INTO dbo.sgm_sec_usuario_roles (usuario_id,rol_id) VALUES
	 (724,1),
	 (724,2),
	 (724,3),
	 (724,6),
	 (724,22),
	 (724,24),
	 (724,25),
	 (724,33),
	 (724,34),
	 (724,43),
	 (724,44),
	 (724,49),
	 (724,50),
	 (724,57),
	 (724,66),
	 (724,73),
	 (724,77),
	 (724,78),
	 (724,85),
	 (724,91),
	 (724,107),
	 (724,115),
	 (724,128),
	 (724,144),
	 (724,148),
	 (724,150),
	 (724,154),
	 (724,158),
	 (724,166),
	 (724,172),
	 (724,173),
	 (724,179),
	 (724,190),
	 (724,198);

INSERT INTO dbo.sgm_persona (id,fecha_nacimiento,dni,modificado,first_name,ciudadano_id,estado,nacionalidad,sexo,creado,usuario_id,cuil,telefono,last_name,email,direccion,foto_perfil_id,cod_reset_pass,dni_reverso_id,manzana,razon_social,piso,inscripcion_afip_id,barrio_id,monoblock,calle,calle_nro,fecha_inicio_actividades,comprobante_ingresos_brutos_id,casa,dni_frente_id,tipo_persona,cod_vincular_app,fecha_cod_vilcular_app,nro_tramite,suscripcion_boleta_electronica,fecha_desuscripcion_boleta_electronica,fecha_suscripcion_boleta_electronica,fecha_verificacion_perfil,fecha_actualizacion_perfil,es_empleado_municipal) VALUES
     (655,'1991-09-17 00:00:00.0000000',21548736,'2022-04-19 15:41:50.5730000',N'Carpincho',661,1,N'Argentina',1,'2021-12-10 14:23:17.5330000',1151,23215487369,2644537710,N'Del Nordelta',N'fbecvort@runaid.com.ar',N'Riobamba 2000',63381,NULL,49778,N'',NULL,N'',NULL,NULL,N'',N'Riobamba',N'2000',NULL,NULL,N'',49777,1,NULL,NULL,NULL,NULL,NULL,NULL,NULL,NULL,NULL);

INSERT INTO dbo.sgm_sec_usuario_ciudad (id,created,modified,estado,password,persona_id,motivo_observacion,desicion_aceptacion,usuario_aceptacion_id,observacion_aceptacion,fecha_aceptacion,consignacion_expediente_id,consignacion_actuacion_id,estado_consignacion,fecha_consigancion,formulario_consignacion_id,usuario_creador_id) VALUES
     (661,'2021-09-17 10:48:07.0830000','2021-12-10 14:23:17.4270000',1,N'orDBDNK0lM51OdhK6BccknRudbM=',655,NULL,1,1151,NULL,'2021-09-17 10:52:39.4870000',20989,22461,1,'2021-10-04 14:11:42.5470000',49858,NULL);

INSERT INTO dbo.sgm_sec_permiso_ciudad (id,name,description) VALUES
	 (1,N'LIBRETA_SANITARIA_VER_MI_LIBRETA',N'Ver Mi Libreta Sanitaria del modulo Libreta Sanitaria'),
	 (2,N'LIBRETA_SANITARIA_SOLICITAR_VIEW',N'Ver apartado Solicitar Libreta Sanitaria del modulo Libreta Sanitaria'),
	 (3,N'LIBRETA_SANITARIA_HISTORIAL_VIEW',N'Ver Historial de Libreta Sanitaria del modulo Libreta Sanitaria'),
	 (4,N'EXPEDIENTE_DIGITAL_MIS_EXPEDIENTES',N'Ver apartado Mis Expedientes del modulo Expedientes Digitales'),
	 (9,N'RECLAMOS_MIS_RECLAMOS',N'Ver Mis Reclamos del modulo Reclamos'),
	 (10,N'BOLETAS_MIS_BOLETAS',N'Ver Mis Boletas del modulo Padron'),
	 (11,N'TURNOS_MENU',N'Ver menu nivel 2 Turnos'),
	 (12,N'TURNOS_SOLICITAR',N'Ver nivel 2 Solicitar un turno'),
	 (13,N'TURNOS_MIS_TURNOS',N'Ver nivel 2 Mis Turnos'),
	 (14,N'RETIRO_BASURA_MIS_SOLICITUDES',N'Ver apartado Mis Solicitudes de retiro del modulo retiro de basura nivel 2'),
	 (15,N'RETIRO_BASURA_SOLICITAR',N'Crear solicitud de retiro de basura nivel 2'),
	 (16,N'NOTIFICACIONES_CIUDADANAS_MIS_NOTIFICACIONES',N'Menu mis notificaciones nivel 2'),
	 (10016,N'JUZGADO_FALTAS_SOLICITAR_LIBRE_DEUDA',N'Crear solicitud de libre de deuda en el Juzgado de Faltas nivel 2'),
	 (10017,N'JUZGADO_FALTAS_MIS_LIBRE_DEUDA',N'Ver historial de mis libres de deuda en el Juzgado de Faltas nivel 2'),
	 (10018,N'RENTAS_MIS_LIBRE_DEUDA',N'Ver Mis solicitudes de Libre Deuda / Constancia de RENTAS'),
	 (10019,N'RENTAS_SOLICITAR_LIBRE_DEUDA',N'Solicitar nuevas Libre Deuda / Constancia de RENTAS'),
	 (10020,N'RECLAMOS_NUEVO_RECLAMO',N'Dar de alta un nuevo incidente del modulo Reclamos'),
	 (10021,N'TRANSITO_NUEVO_PERMISO',N'Solicitar un nuevo permiso de TRANSITO'),
	 (10022,N'TRANSITO_MIS_PERMISOS',N'Solicitar un nuevo permiso de TRANSITO'),
	 (10023,N'MESA_ENTRADA_NUEVA_NOTA',N'Ingresar una nueva Nota en Mesa de Entrada'),
	 (10024,N'MESA_ENTRADA_MIS_NOTAS',N'Ver el historial de mis Notas ingresadas en Mesa de Entrada'),
	 (10025,N'USUARIO_CONSIGNADO_SOLICITAR_CONSIGNACION',N'Permite ver el apartado que descarga el PDF formulario para tramitar la consignacion de usuarios nivel 2'),
	 (10032,N'DECLARA_MEDIDOR_DECLARAR',N'Permite declarar un nuevo medidor de agua'),
	 (10033,N'DECLARA_MEDIDOR_MIS_DECLARACIONES',N'Permite ver el listado de mis declaraciones de medidores de agua'),
	 (10034,N'DECLARA_MEDIDOR_ACEPTAR_DECLARACIONES',N'Permite ver y aceptar las declaraciones de medidores de agua que lo incluyen'),
	 (10035,N'HABILITACION_COMERCIAL_SOLICITAR',N'Permite solicitar una nueva habilitacion comercial'),
	 (10036,N'HABILITACION_COMERCIAL_MIS_HABILITACIONES',N'Permite ver el listado de habilitaciones comerciales'),
	 (20035,N'COMPRAS_APLICAR_PROVEEDOR',N'Permite aplicar para ser proveedor'),
	 (20036,N'COMPRAS_ESTADO_PROVEEDOR',N'Permite ver el estado de la solicitud de proveedor'),
	 (20037,N'COMPRAS_MIS_COMPULSAS',N'Permite ver el listado de compulsas del proveedor'),
	 (20038,N'COMPRAS_VER_COMPULSAS_ABIERTAS',N'Permite ver el listado de compulsas disponibles'),
	 (20039,N'BENEFICIO_FISCAL_SOLICITAR',N'Permite solicitar un nuevo beneficio fiscal'),
	 (20040,N'BENEFICIO_FISCAL_MIS_SOLICITUDES',N'Permite ver el listado de solicitudes de beneficio fiscal'),
	 (20041,N'COMPRAS_ORDEN_PROVISION',N'Permite ver el listado de cotizaciones ganadoras para poder descargar la orden de provision'),
	 (20042,N'TRANSPORTE_MIS_LICENCIAS',N'Nivel 4 ver mis licencias de transporte'),
	 (20043,N'TRANSPORTE_LICENCIA_SOLICITAR',N'Nivel 4 solicitar licencias de transporte'),
	 (20044,N'TRANSPORTE_MIS_ASOCIACIONES',N'Ver Mis Asociaciones de chofer a licencia nivel 2'),
	 (20045,N'TRANSPORTE_ALTA_CHOFERES',N'Alta de chofer/celador nivel 4'),
	 (20046,N'ARTESANO_MIS_ARTESANIAS',N'Ver Mis Artesanias Nivel 2'),
	 (20047,N'ARTESANO_SOLICITAR',N'Artesano Nivel 2 -> Solicitar'),
	 (20048,N'ARTESANO_MIS_ARTESANIAS',N'Ver Mis Artesanias Nivel 2'),
	 (20049,N'ARTESANO_SOLICITAR',N'Artesano Nivel 2 -> Solicitar'),
	 (20050,N'ARTESANO_MIS_EVENTOS',N'Artesano Nivel 2 -> Mis Eventos'),
	 (20051,N'ARTESANO_EVENTOS',N'Artesano Nivel 2 -> Eventos'),
	 (20052,N'CAPACITACION_CAPACITACIONES',N'Vecino Nivel 2 -> Capacitaciones'),
	 (20053,N'CAPACITACION_MIS_CAPACITACIONES',N'Vecino Nivel 2 -> Mis Capacitaciones'),
	 (20054,N'COMERCIO_MIS_COMERCIOS',N'Permite acceder a mis comercios - boton menu n4');

INSERT INTO dbo.sgm_sec_rol_ciudad (id,name,description) VALUES
	 (2,N'NIVEL_2',N'Nivel de acceso 2'),
	 (8,N'NIVEL_4',N'Nivel de acceso 4');

INSERT INTO dbo.sgm_sec_rol_ciudad_permisos (permiso_ciudad_id,rol_ciudad_id) VALUES
	 (1,2),
	 (2,2),
	 (3,2),
	 (4,2),
	 (9,2),
	 (10,2),
	 (11,2),
	 (12,2),
	 (13,2),
	 (14,2),
	 (15,2),
	 (16,2),
	 (10016,2),
	 (10017,2),
	 (10018,2),
	 (10019,2),
	 (10020,2),
	 (10021,2),
	 (10022,2),
	 (10023,2),
	 (10024,2),
	 (10025,2),
	 (10032,2),
	 (10033,2),
	 (10034,2),
	 (10035,2),
	 (10036,2),
	 (20035,2),
	 (20036,2),
	 (20037,2),
	 (20038,2),
	 (20039,2),
	 (20040,2),
	 (20041,2),
	 (20042,2),
	 (20043,2),
	 (20044,2),
	 (20045,2),
	 (20046,2),
	 (20047,2),
	 (20048,2),
	 (20049,2),
	 (20050,2),
	 (20051,2),
	 (20052,2),
	 (20053,2),
	 (1,8),
	 (2,8),
	 (3,8),
	 (4,8),
	 (9,8),
	 (10,8),
	 (11,8),
	 (12,8),
	 (13,8),
	 (14,8),
	 (15,8),
	 (16,8),
	 (10016,8),
	 (10017,8),
	 (10018,8),
	 (10019,8),
	 (10020,8),
	 (10021,8),
	 (10022,8),
	 (10023,8),
	 (10024,8),
	 (10025,8),
	 (10032,8),
	 (10033,8),
	 (10034,8),
	 (10035,8),
	 (10036,8),
	 (20035,8),
	 (20036,8),
	 (20037,8),
	 (20038,8),
	 (20039,8),
	 (20040,8),
	 (20041,8),
	 (20042,8),
	 (20043,8),
	 (20044,8),
	 (20045,8),
	 (20054,8);

INSERT INTO dbo.sgm_sec_usuario_ciudad_roles (rol_ciudad_id,usuario_ciudad_id) VALUES
	 (2,661),
	 (8,661);
